Country/Region,Region,Birth Rate,Business Tax Rate,CO2 Emissions,CO2 Emissions per Capita,Days to Start Business,Energy Usage,GDP,GDP per Capita,Health Exp % GDP,Health Exp/Capita,Hours to do Tax,Infant Mortality Rate,Internet Usage,Lending Interest,Life Expectancy Female,Life Expectancy Male,Mobile Phone Usage,Total Health Expenditures,Tourism Inbound,Tourism Outbound
Sao Tome and Principe,Africa,0.036,0.333,99,0.000555468,144,,"201,037,917","1,127.98",0.071,86,424,0.04,0.188,0.289,68,64,0.576,"14,273,692.11","11,100,000","600,000"
Kiribati,Oceania,0.023,0.318,62,0.000634317,31,,"150,431,114","1,539.05",0.112,162,120,0.048,0.091,,71,65,0.108,"16,848,284.77",,
Tonga,Oceania,0.027,0.254,158,0.001517801,25,,"369,212,477","3,546.78",0.048,172,164,0.012,0.16,0.115,75,69,0.522,"17,722,198.90",,
Comoros,Africa,0.037,2.179,139,0.00020349,22,,"543,376,206",795.478436671,0.034,27,100,0.063,0.051,0.105,62,59,0.242,"18,474,791.00","35,000,000","19,000,000"
Marshall Islands,Oceania,,0.648,103,0.001964599,17,,"163,200,000","3,112.84",0.16,542,128,0.032,0.07,,,,,"26,112,000","3,300,000",
Dominica,The Americas,0.013,0.37,136,0.001910998,13,,"475,185,185","6,677.04",0.06,400,117,0.011,0.475,0.095,,,1.483,"28,511,111.10","95,000,000","13,000,000"
St. Vincent and the Grenadines,The Americas,0.017,0.387,209,0.001911888,10,,"681,481,481","6,234.05",0.047,293,111,0.019,0.385,0.092,74,70,1.206,"32,029,629.61","86,000,000","15,000,000"
Vanuatu,Oceania,0.027,0.084,117,0.000495135,47,,"700,804,286","2,965.75",0.047,139,120,0.016,0.08,0.055,73,69,0.719,"32,937,801.44","242,000,000","33,000,000"
Seychelles,Africa,0.017,0.441,704,0.007842264,39,,"973,355,738","10,842.77",0.037,394,76,0.012,0.41,0.127,78,69,1.289,"36,014,162.31","29,000,000","5,000,000"
Samoa,Oceania,0.028,0.189,161,0.000865456,9,,"572,971,727","3,080.01",0.064,201,224,0.016,0.07,0.107,76,69,,"36,670,190.53","124,000,000","25,200,000"
St. Kitts and Nevis,The Americas,,0.525,249,0.004756265,19,,"692,222,222","13,222.46",0.054,739,155,0.009,0.76,0.086,,,1.528,"37,379,999.99","90,000,000","13,000,000"
"Micronesia, Fed. Sts.",Oceania,0.024,0.587,103,0.000994026,16,,"294,117,230","2,838.45",0.138,393,128,0.033,0.2,0.151,69,68,0.266,"40,588,177.74","29,000,000","8,000,000"
"Gambia, The",Africa,0.043,2.921,473,0.00028144,27,,"951,805,801",566.335325233,0.047,27,376,0.052,0.092,0.27,59,57,0.88,"44,734,872.65","80,000,000","11,000,000"
Grenada,The Americas,0.019,0.453,260,0.002483831,15,,"771,111,097","7,366.58",0.06,438,140,0.012,0.27,0.106,75,70,1.165,"46,266,665.82","112,000,000","10,000,000"
Solomon Islands,Oceania,0.033,0.262,202,0.000383704,56,,"681,587,105","1,294.69",0.074,95,80,0.027,0.05,0.144,68,66,0.219,"50,437,445.77","65,400,000","51,200,000"
Timor-Leste,Asia,0.036,0.11,183,0.000171604,110,,"934,300,000",876.117887227,0.056,46,276,0.052,0.002,0.11,68,64,0.438,"52,320,800","31,000,000","68,000,000"
Guinea-Bissau,Africa,0.039,0.459,238,0.000150004,216,,"835,390,893",526.521023885,0.071,38,208,0.085,0.025,,55,52,0.427,"59,312,753.40","13,600,000","29,500,000"
Antigua and Barbuda,The Americas,0.017,0.41,513,0.005880802,21,,"1,135,555,556","13,017.50",0.057,736,207,0.009,0.47,0.11,78,73,1.926,"64,726,666.69","298,000,000","52,000,000"
Bhutan,Asia,0.021,0.408,477,0.000665329,46,,"1,585,396,256","2,211.34",0.041,90,274,0.034,0.136,0.14,67,67,0.55,"65,001,246.50","64,000,000","43,000,000"
Eritrea,Africa,0.038,0.845,513,8.94E-05,84,745,"2,117,039,511",368.747758249,0.032,12,216,0.039,0.006,,64,59,0.032,"67,745,264.35",,
Central African Republic,Africa,0.035,2.038,264,6.07E-05,23,,"1,986,014,759",456.563408623,0.039,18,504,0.103,0.02,,50,46,0.225,"77,454,575.60","7,200,000","61,000,000"
Belize,The Americas,0.024,0.332,422,0.001367488,44,,"1,398,500,000","4,531.83",0.058,265,147,0.016,0.14,0.139,76,70,0.629,"81,113,000","264,000,000","39,000,000"
St. Lucia,The Americas,0.016,0.34,403,0.002271741,14,,"1,252,222,222","7,058.87",0.078,525,92,0.014,0.433,0.106,77,72,1.117,"97,673,333.32","309,000,000","48,000,000"
Djibouti,Africa,0.028,0.378,539,0.000646255,37,,"1,128,611,700","1,353.19",0.088,111,90,0.062,0.065,0.103,62,59,0.199,"99,317,829.60","18,000,000","20,500,000"
Maldives,Asia,0.022,0.093,"1,074",0.003297574,9,,"2,134,104,884","6,552.48",0.058,379,,0.011,0.265,0.104,78,76,1.518,"123,778,083.27","1,713,000,000","252,000,000"
Fiji,Oceania,0.022,0.393,"1,291",0.001500188,46,,"3,225,095,136","3,747.67",0.042,154,163,0.02,0.2,0.075,72,66,0.811,"135,453,995.71","809,000,000","100,000,000"
Guyana,The Americas,0.022,0.388,"1,701",0.002163775,24,,"2,259,288,396","2,873.95",0.066,188,288,0.032,0.299,0.145,68,63,0.713,"149,113,034.14","80,000,000","73,000,000"
Liberia,Africa,0.037,0.429,799,0.00020187,20,,"1,292,696,476",326.604280455,0.131,43,141,0.06,0.023,0.142,60,59,0.397,"169,343,238.36","12,000,000","134,000,000"
Burundi,Africa,0.045,1.545,308,3.34E-05,13,,"2,026,864,414",219.5297994,0.088,19,211,0.061,0.01,0.124,54,51,0.182,"178,364,068.43","2,100,000","35,000,000"
Laos,Asia,0.028,0.323,"1,874",0.000293009,93,,"7,181,441,152","1,122.85",0.026,29,362,0.059,0.07,0.226,68,66,0.626,"186,717,469.95","385,000,000","215,000,000"
Mauritania,Africa,0.035,0.682,"2,215",0.000613672,19,,"3,526,946,625",977.150518643,0.06,58,696,0.07,0.04,0.17,63,60,0.769,"211,616,797.50",,
Lesotho,Africa,0.028,0.196,18,8.96E-06,40,,"2,175,685,681","1,083.01",0.108,118,324,0.077,0.039,0.112,48,47,0.492,"234,974,053.55","25,000,000","278,000,000"
Monaco,Europe,,,,,,,"5,350,993,377","145,229.84",0.044,"6,431",,0.003,0.75,,,,0.635,"235,443,708.59",,
Togo,Africa,0.037,0.503,"1,540",0.000244211,84,"2,692","3,172,945,506",503.161823935,0.075,37,270,0.061,0.03,,56,55,0.413,"237,970,912.95","105,000,000","89,000,000"
Suriname,The Americas,0.018,0.279,"2,384",0.004541298,694,,"4,368,033,802","8,320.70",0.058,483,199,0.022,0.316,0.116,74,67,0.993,"253,345,960.52","69,000,000","41,000,000"
Congo (Brazzaville),Africa,0.039,0.663,"2,028",0.000493225,161,"1,511","12,007,880,067","2,920.41",0.023,67,606,0.042,0.05,,59,56,0.904,"276,181,241.54",,
Benin,Africa,0.038,0.659,"5,189",0.000545648,31,"3,653","6,558,416,322",689.648331332,0.043,30,270,0.062,0.031,,60,57,0.744,"282,011,901.85","149,000,000","91,000,000"
Guinea,Africa,0.038,0.879,"1,236",0.000113644,40,,"4,735,956,476",435.448888027,0.062,27,416,0.071,0.01,,56,55,0.368,"293,629,301.51","2,000,000","17,000,000"
Montenegro,Europe,0.012,0.254,"2,582",0.004163992,10,"1,174","4,114,881,347","6,636.07",0.072,476,372,0.006,0.375,0.095,77,72,1.887,"296,271,456.98","765,000,000","72,000,000"
Barbados,The Americas,0.013,,"1,503",0.005360276,,,"4,433,700,000","15,812.28",0.067,978,,0.014,0.681,0.087,77,72,1.248,"297,057,900","1,074,000,000","351,000,000"
Kyrgyzstan,Asia,0.027,0.306,"6,399",0.001174581,10,"2,805","4,794,357,795",880.037775106,0.067,60,202,0.027,0.184,0.315,74,65,0.989,"321,221,972.27","336,000,000","398,000,000"
Swaziland,Africa,0.031,0.365,"1,023",0.000857396,56,,"3,891,563,478","3,261.59",0.084,261,104,0.063,0.11,0.098,48,49,0.608,"326,891,332.15","51,000,000","87,000,000"
Brunei,Asia,0.017,0.173,"9,160",0.022867471,105,"3,240","12,369,708,859","30,880.34",0.027,844,144,0.008,0.53,0.055,80,76,1.086,"333,982,139.19",,
Tajikistan,Asia,0.033,0.84,"2,860",0.000374968,27,"2,370","5,642,178,580",739.732191859,0.06,44,224,0.045,0.116,0.242,70,64,0.779,"338,530,714.80","32,400,000","17,800,000"
South Sudan,Africa,0.037,,,,,,"16,338,510,934","1,643.56",0.021,32,,0.071,,,54,52,,"343,108,729.61",,
Papua New Guinea,Oceania,0.03,0.421,"3,135",0.000457067,51,,"9,480,047,959","1,382.14",0.041,57,194,0.051,0.013,0.104,64,60,0.278,"388,681,966.32","2,500,000","138,000,000"
Mongolia,Asia,0.023,0.243,"11,511",0.004243314,13,"3,454","6,200,357,070","2,285.65",0.063,143,192,0.029,0.102,0.201,71,63,0.925,"390,622,495.41","288,000,000","319,000,000"
Madagascar,Africa,0.035,0.377,"2,013",9.55E-05,7,,"8,704,983,553",412.95905208,0.045,19,201,0.044,0.017,0.49,65,62,0.366,"391,724,259.89","633,000,000","110,000,000"
Niger,Africa,0.05,0.465,"1,412",8.88E-05,17,,"5,718,589,550",359.801241948,0.069,24,270,0.066,0.008,,57,57,0.231,"394,582,678.95","86,000,000",
Sierra Leone,Africa,0.038,2.352,689,0.000119785,12,,"2,578,159,463",448.221526481,0.154,69,357,0.114,0.006,0.213,45,45,0.348,"397,036,557.30","26,000,000","22,000,000"
Armenia,Asia,0.014,0.386,"4,221",0.001424331,14,"2,483","9,260,287,416","3,124.78",0.046,143,581,0.016,0.25,0.192,78,71,1.304,"425,973,221.14","456,000,000","466,000,000"
Chad,Africa,0.047,0.758,469,4.00E-05,64,,"10,657,705,072",909.299906892,0.04,29,732,0.094,0.017,,51,49,0.245,"426,308,202.88",,
Haiti,The Americas,0.027,0.404,"2,120",0.000214219,105,"2,409","6,622,541,529",669.18692949,0.067,45,184,0.073,0.084,0.175,64,60,0.404,"443,710,282.44","169,000,000","431,000,000"
Malawi,Africa,0.041,0.259,"1,239",8.25E-05,39,,"5,398,616,985",359.579526864,0.085,30,157,0.053,0.023,0.246,54,53,0.208,"458,882,443.73","47,000,000","93,000,000"
Turkmenistan,Asia,0.022,,"53,054",0.010522422,,"22,675","22,148,070,175","4,392.72",0.021,95,,0.051,0.03,,69,61,0.634,"465,109,473.68",,
Equatorial Guinea,Africa,0.037,0.441,"4,679",0.006721088,135,,"11,586,407,487","16,643.14",0.043,757,492,0.076,0.06,,53,50,0.574,"498,215,521.94",,
Mauritius,Africa,0.012,0.272,"4,118",0.003214867,6,,"9,718,331,363","7,586.97",0.054,427,161,0.013,0.283,0.089,77,69,0.968,"524,789,893.60","1,585,000,000","423,000,000"
Mozambique,Africa,0.041,0.375,"2,882",0.000120247,13,"9,875","9,274,448,732",386.963165468,0.057,22,230,0.072,0.042,0.163,50,48,0.301,"528,643,577.72","224,000,000","260,000,000"
"Bahamas, The",The Americas,0.016,0.449,"2,464",0.006834989,24,,"7,888,087,000","21,881.08",0.074,"1,626",58,0.011,0.43,0.055,78,72,1.188,"583,718,438","2,159,000,000","369,000,000"
Rwanda,Africa,0.037,0.31,594,5.48E-05,3,,"5,624,809,049",519.050304926,0.108,56,148,0.044,0.08,0.167,64,61,0.327,"607,479,377.29","224,000,000","120,000,000"
Senegal,Africa,0.039,0.455,"7,059",0.000545073,9,"3,426","12,932,427,724",998.599576358,0.048,48,666,0.047,0.16,,64,61,0.644,"620,756,530.75","464,000,000","217,000,000"
Mali,Africa,0.048,0.514,623,4.45E-05,8,,"9,422,267,260",673.694661382,0.069,46,270,0.083,0.019,,54,54,0.532,"650,136,440.94","296,000,000","235,000,000"
Cambodia,Asia,0.026,0.214,"4,180",0.000290986,102,"5,024","11,242,266,334",782.618888598,0.058,46,173,0.037,0.013,,73,68,0.567,"652,051,447.37","1,332,000,000","268,000,000"
North Macedonia,Europe,0.011,0.083,"10,873",0.005172161,3,"2,883","9,338,674,078","4,442.30",0.07,309,119,0.009,0.519,0.095,77,73,1.024,"653,707,185.46","209,000,000","141,000,000"
Albania,Europe,0.013,0.331,"4,283",0.001499297,6,"2,059","11,926,953,259","4,175.12",0.055,207,360,0.015,0.45,0.128,80,74,0.855,"655,982,429.25","1,780,000,000","1,454,000,000"
Nicaragua,The Americas,0.024,0.632,"4,547",0.000780975,39,"2,951","8,938,210,560","1,535.19",0.076,112,222,0.022,0.1,0.133,77,71,0.681,"679,304,002.56","309,000,000","329,000,000"
Moldova,Europe,0.012,0.304,"4,855",0.001362981,10,"3,426","5,811,604,052","1,631.54",0.117,190,228,0.015,0.323,0.164,72,65,0.714,"679,957,674.08","232,000,000","324,000,000"
Burkina Faso,Africa,0.043,0.448,"1,683",0.000108299,14,,"9,209,288,383",592.607469915,0.074,41,270,0.07,0.024,,56,54,0.367,"681,487,340.34","105,000,000","110,000,000"
Malta,Europe,0.009,,"2,589",0.006245959,,848,"8,163,841,060","19,695.26",0.085,"1,707",,0.006,0.63,0.046,84,79,1.073,"693,926,490.10","1,238,000,000","366,000,000"
Jamaica,The Americas,0.015,0.487,"7,158",0.002660152,8,"2,830","13,230,844,040","4,917.02",0.053,255,414,0.016,0.277,0.205,76,70,1.161,"701,234,734.12","2,095,000,000","235,000,000"
Botswana,Africa,0.024,0.195,"5,233",0.002657234,60,"2,263","13,746,712,706","6,980.36",0.056,394,152,0.04,0.06,0.115,46,47,1.2,"769,815,911.54","80,000,000","89,000,000"
Namibia,Africa,0.027,0.223,"3,176",0.001457571,66,"1,552","11,141,417,478","5,113.16",0.082,416,339,0.038,0.116,0.097,65,60,0.895,"913,596,233.20","560,000,000","145,000,000"
Nepal,Asia,0.023,0.317,"3,755",0.000139872,31,"10,218","15,994,094,607",595.771626114,0.059,36,338,0.036,0.079,0.08,68,66,0.343,"943,651,581.81","378,000,000","528,000,000"
Zambia,Africa,0.043,0.143,"2,428",0.000183703,18,"8,054","16,190,196,832","1,224.95",0.061,75,183,0.064,0.1,0.209,56,53,0.412,"987,602,006.75","125,000,000","128,000,000"
Trinidad and Tobago,The Americas,0.015,0.331,"50,682",0.038161427,41,"21,370","20,758,191,858","15,630.05",0.052,805,210,0.021,0.485,0.093,73,66,1.426,"1,079,425,976.62","630,000,000","97,000,000"
Bolivia,The Americas,0.026,0.8,"15,456",0.001521769,49,"7,341","19,649,631,308","1,934.67",0.055,106,"1,080",0.035,0.224,0.099,69,64,0.707,"1,080,729,721.94","339,000,000","421,000,000"
Bahrain,Middle East,0.016,0.135,"24,202",0.019338193,9,"9,472","25,713,547,869","20,545.97",0.043,747,36,0.007,0.55,0.072,77,76,1.252,"1,105,682,558.37","2,163,000,000","684,000,000"
Georgia,Asia,0.014,0.153,"6,241",0.00140159,3,"3,122","11,638,536,862","2,613.76",0.101,267,387,0.015,0.269,0.158,77,70,0.906,"1,175,492,223.06","737,000,000","329,000,000"
Iceland,Europe,0.015,0.261,"1,962",0.006169016,5,"5,369","12,564,705,489","39,506.56",0.094,"3,730",140,0.002,0.934,0.103,84,80,1.072,"1,181,082,315.97","562,000,000","599,000,000"
Cameroon,Africa,0.039,0.488,"7,235",0.000350799,19,"6,944","22,493,301,699","1,090.62",0.053,57,654,0.066,0.043,,55,53,0.419,"1,192,144,990.05","171,000,000","265,000,000"
Estonia,Europe,0.012,0.486,"18,339",0.013773447,7,"5,568","19,033,475,893","14,295.03",0.063,894,81,0.004,0.741,0.078,81,71,1.273,"1,199,108,981.26","1,412,000,000","723,000,000"
Honduras,The Americas,0.027,0.441,"8,108",0.001063874,14,"4,567","15,839,344,592","2,078.33",0.087,176,224,0.021,0.111,0.189,75,70,1.247,"1,378,022,979.50","627,000,000","406,000,000"
Ethiopia,Africa,0.035,0.303,"6,494",7.46E-05,15,"33,250","29,385,611,867",337.396142817,0.047,14,198,0.051,0.008,,63,60,0.079,"1,381,123,757.75","1,434,000,000","143,000,000"
Afghanistan,Asia,0.038,0.363,"8,236",0.000290022,7,,"15,936,784,436",561.197617478,0.087,43,275,0.075,0.04,0.157,61,58,0.458,"1,386,500,245.93","138,000,000","86,000,000"
Kenya,Africa,0.037,0.493,"12,427",0.00030377,33,"19,719","32,440,133,261",792.979036962,0.044,35,393,0.052,0.14,0.144,61,58,0.61,"1,427,365,863.48","1,620,000,000","212,000,000"
Congo (Kinshasa),Africa,0.044,3.391,"3,040",4.89E-05,84,"23,766","20,523,286,237",330.00326585,0.07,15,336,0.092,0.007,0.565,51,47,0.19,"1,436,630,036.59","10,700,000","150,000,000"
Uganda,Africa,0.045,0.35,"3,784",0.000111336,24,,"16,030,996,179",471.677279893,0.092,43,161,0.051,0.125,0.202,58,56,0.377,"1,474,851,648.47","802,000,000","464,000,000"
El Salvador,The Americas,0.02,0.348,"6,249",0.001004954,17,"4,210","21,418,300,000","3,444.46",0.069,238,320,0.015,0.159,,76,67,1.238,"1,477,862,700","646,000,000","280,000,000"
Latvia,Europe,0.009,0.376,"7,616",0.003630894,16,"4,644","24,009,680,460","11,446.51",0.065,742,293,0.008,0.684,0.096,78,69,1.103,"1,560,629,229.90","963,000,000","771,000,000"
Cote d'Ivoire,Africa,0.037,0.442,"5,805",0.000305903,40,"9,800","22,920,779,598","1,207.85",0.069,83,270,0.077,0.021,,50,49,0.822,"1,581,533,792.26","213,000,000","569,000,000"
Yemen,Middle East,0.032,0.478,"21,852",0.000959979,12,"8,360","31,743,751,169","1,394.53",0.051,66,248,0.046,0.124,0.238,64,61,0.487,"1,618,931,309.62","1,161,000,000","252,000,000"
Bosnia and Herzegovina,Europe,0.009,0.222,"31,125",0.008092973,64,"6,451","16,775,919,279","4,361.99",0.098,427,422,0.007,0.52,0.079,78,73,0.809,"1,644,040,089.34","662,000,000","247,000,000"
Oman,Middle East,0.022,0.216,"57,202",0.02040911,12,"23,158","58,813,004,375","20,983.90",0.028,582,62,0.01,0.358,0.068,78,74,1.643,"1,646,764,122.50","1,246,000,000","1,768,000,000"
Tanzania,Africa,0.041,0.444,"6,846",0.000152224,26,"20,043","22,915,004,297",509.524295777,0.072,37,172,0.041,0.029,0.145,60,58,0.467,"1,649,880,309.38","1,279,000,000","861,000,000"
Sri Lanka,Asia,0.018,0.966,"12,710",0.000615407,37,"9,844","49,567,521,670","2,400.02",0.034,82,256,0.009,0.12,0.102,77,71,0.836,"1,685,295,736.78","1,044,000,000","828,000,000"
Ghana,Africa,0.032,0.325,"8,999",0.000370895,12,"10,011","32,174,210,793","1,326.07",0.053,70,224,0.055,0.078,,62,60,0.719,"1,705,233,172.03","706,000,000","882,000,000"
Cyprus,Europe,0.012,0.223,"7,708",0.006983877,8,"2,443","23,132,450,331","20,959.29",0.074,"2,012",149,0.003,0.53,,81,77,0.937,"1,711,801,324.49","2,371,000,000","1,457,000,000"
Paraguay,The Americas,0.024,0.35,"5,075",0.000785638,35,"4,789","20,030,529,733","3,100.84",0.087,271,311,0.021,0.198,0.26,74,70,0.917,"1,742,656,086.77","243,000,000","269,000,000"
Uzbekistan,Asia,0.023,0.956,"104,443",0.003656661,15,"43,747","39,332,770,929","1,377.08",0.054,75,205,0.04,0.2,,71,65,0.755,"2,123,969,630.17","121,000,000",
Jordan,Middle East,0.029,0.312,"20,821",0.003443764,12,"7,105","26,425,379,367","4,370.72",0.085,361,136,0.018,0.272,0.09,75,72,1.026,"2,246,157,246.20","4,390,000,000","1,736,000,000"
Panama,The Americas,0.02,0.438,"9,633",0.002618995,9,"3,710","28,814,100,000","7,833.90",0.085,627,482,0.017,0.401,0.077,80,74,1.807,"2,449,198,500","2,552,000,000","575,000,000"
Libya,Africa,0.022,,"59,035",0.009773016,,"21,611","74,755,288,917","12,375.45",0.033,389,,0.014,0.14,0.06,77,73,1.804,"2,466,924,534.26","170,000,000","2,184,000,000"
Lithuania,Europe,0.012,0.451,"13,561",0.004378355,22,"7,052","36,709,511,568","11,852.17",0.07,782,175,0.006,0.621,0.06,79,68,1.594,"2,569,665,809.76","1,034,000,000","936,000,000"
Qatar,Middle East,0.012,0.113,"70,531",0.040310039,10,"28,973","125,000,000,000","71,440.29",0.021,"1,496",36,0.008,0.69,0.073,79,77,1.25,"2,625,000,000",,
Lebanon,Middle East,0.013,0.302,"20,403",0.00469997,9,"6,382","38,009,950,249","8,755.85",0.072,620,180,0.009,0.437,0.083,81,77,0.66,"2,736,716,417.93","8,026,000,000","4,868,000,000"
Azerbaijan,Asia,0.018,0.409,"45,731",0.005050732,8,"11,586","52,902,703,376","5,842.81",0.053,310,306,0.034,0.46,0.207,74,67,1.001,"2,803,843,278.93","792,000,000","856,000,000"
Dominican Republic,The Americas,0.022,0.401,"20,964",0.002092885,19,"7,178","50,980,167,048","5,089.47",0.055,278,324,0.026,0.314,0.121,76,70,0.888,"2,803,909,187.64","4,209,000,000","554,000,000"
Angola,Africa,0.046,0.521,"30,418",0.001555978,66,"13,378","82,470,894,868","4,218.65",0.034,144,282,0.11,0.1,0.225,52,49,0.481,"2,804,010,425.51","726,000,000","275,000,000"
Guatemala,The Americas,0.032,0.409,"11,118",0.000775229,37,"10,251","41,338,007,893","2,882.39",0.069,198,344,0.028,0.105,0.133,75,68,1.26,"2,852,322,544.62","1,379,000,000","1,002,000,000"
Tunisia,Africa,0.019,0.623,"25,878",0.0024531,11,"9,674","44,054,072,936","4,176.10",0.067,282,144,0.015,0.368,,77,73,1.045,"2,951,622,886.71","3,477,000,000","611,000,000"
Belarus,Europe,0.011,0.805,"62,222",0.006556586,10,"27,686","55,220,932,614","5,818.85",0.056,323,798,0.005,0.318,0.092,77,65,1.089,"3,092,372,226.38","665,000,000","748,000,000"
Kuwait,Middle East,0.021,0.107,"93,696",0.031319905,35,"32,586","120,000,000,000","40,112.58",0.028,"1,116",98,0.009,0.614,0.049,75,73,1.33,"3,360,000,000","574,000,000","7,106,000,000"
Uruguay,The Americas,0.015,0.419,"6,645",0.001970651,65,"4,174","38,881,102,075","11,530.64",0.087,998,336,0.011,0.464,0.103,80,73,1.316,"3,382,655,880.53","1,669,000,000","549,000,000"
Costa Rica,The Americas,0.016,0.553,"7,770",0.001663924,60,"4,646","36,298,327,670","7,773.19",0.097,750,272,0.009,0.365,0.171,82,77,0.67,"3,520,937,783.99","2,179,000,000","533,000,000"
Bulgaria,Europe,0.01,0.28,"44,679",0.006041296,18,"17,897","47,726,575,741","6,453.38",0.076,480,616,0.011,0.462,0.111,77,70,1.38,"3,627,219,756.32","4,035,000,000","1,382,000,000"
Bangladesh,Asia,0.021,0.35,"56,153",0.000371565,19,"30,756","100,000,000,000",661.70180772,0.037,24,302,0.039,0.037,0.13,70,69,0.449,"3,700,000,000","103,000,000","835,000,000"
Luxembourg,Europe,0.012,0.2,"10,829",0.021360955,19,"4,220","52,053,324,635","102,678.80",0.072,"7,592",59,0.002,0.906,,84,78,1.431,"3,747,839,373.72","4,115,000,000","3,549,000,000"
Serbia,Europe,0.009,0.34,"45,962",0.006303559,13,"15,536","36,990,001,284","5,073.07",0.107,546,279,0.007,0.409,0.173,77,71,1.253,"3,957,930,137.39","951,000,000","1,106,000,000"
Slovenia,Europe,0.011,0.346,"15,328",0.007482245,6,"7,230","46,999,407,184","22,942.40",0.089,"2,044",260,0.003,0.7,,83,76,1.033,"4,182,947,239.38","2,721,000,000","1,377,000,000"
Sudan,Africa,0.035,0.361,"14,173",0.000397537,36,"16,605","65,632,237,471","1,840.91",0.065,119,180,0.055,0.167,,63,60,0.415,"4,266,095,435.62","94,000,000","1,116,000,000"
Iraq,Middle East,0.032,0.278,"114,667",0.00370343,32,"37,845","143,000,000,000","4,618.51",0.031,141,312,0.03,0.025,0.133,73,65,0.751,"4,433,000,000","1,736,000,000","1,675,000,000"
Croatia,Europe,0.01,0.221,"20,884",0.00472726,9,"8,564","58,873,994,412","13,326.60",0.078,"1,051",196,0.005,0.566,0.104,80,74,1.136,"4,592,171,564.14","8,255,000,000","859,000,000"
Ecuador,The Americas,0.022,0.353,"32,636",0.002175578,56,"12,428","67,513,698,000","4,500.59",0.072,335,654,0.021,0.29,,79,73,0.985,"4,860,986,256","786,000,000","863,000,000"
Pakistan,Asia,0.027,0.309,"161,396",0.00093212,21,"84,311","177,000,000,000","1,022.24",0.03,30,560,0.073,0.08,0.14,67,65,0.573,"5,310,000,000","998,000,000","1,370,000,000"
Morocco,Africa,0.022,0.496,"50,608",0.001599375,12,"16,183","90,770,671,432","2,868.64",0.059,168,358,0.029,0.52,,72,68,1.011,"5,355,469,614.49","8,176,000,000","1,879,000,000"
Kazakhstan,Asia,0.023,0.286,"248,729",0.015239271,19,"74,443","148,000,000,000","9,067.75",0.043,398,271,0.019,0.316,,73,64,1.219,"6,364,000,000","1,236,000,000","1,489,000,000"
Algeria,Africa,0.025,0.72,"123,475",0.003331506,25,"40,105","161,000,000,000","4,343.98",0.042,181,451,0.024,0.125,0.08,72,69,0.884,"6,762,000,000","323,000,000","737,000,000"
Cuba,The Americas,0.01,,"38,364",0.003400531,,"11,308","64,328,220,000","5,701.96",0.106,583,,0.005,0.159,,81,77,0.089,"6,818,791,320","2,218,000,000",
Peru,The Americas,0.021,0.371,"57,579",0.00196765,26,"19,207","149,000,000,000","5,091.78",0.049,257,380,0.015,0.348,0.19,77,71,0.995,"7,301,000,000","2,475,000,000","1,640,000,000"
Slovakia,Europe,0.011,0.474,"36,094",0.006694701,18,"17,828","87,077,443,709","16,151.09",0.09,"1,446",257,0.007,0.757,,79,72,1.09,"7,836,969,933.81","2,335,000,000","2,146,000,000"
Vietnam,Asia,0.016,0.329,"150,230",0.001728122,38,"58,912","116,000,000,000","1,334.37",0.069,83,941,0.021,0.307,0.131,80,71,1.253,"8,004,000,000","4,450,000,000","1,470,000,000"
Philippines,Asia,0.025,0.438,"81,591",0.000873151,37,"40,512","200,000,000,000","2,140.31",0.042,90,195,0.025,0.25,0.077,72,65,0.89,"8,400,000,000","3,228,000,000","4,194,000,000"
United Arab Emirates,Middle East,0.016,0.141,"167,597",0.019853849,15,"63,099","287,000,000,000","33,998.55",0.032,"1,283",12,0.008,0.68,,78,76,1.294,"9,184,000,000","8,577,000,000","11,818,000,000"
Singapore,Asia,0.009,0.254,"13,520",0.002663147,3,"34,280","236,000,000,000","46,486.89",0.041,"1,893",84,0.002,0.71,0.054,84,79,1.454,"9,676,000,000","14,178,000,000","18,700,000,000"
Romania,Europe,0.011,0.435,"78,745",0.003889243,9,"35,031","165,000,000,000","8,149.41",0.059,457,222,0.012,0.399,0.141,77,70,1.114,"9,735,000,000","1,631,000,000","1,896,000,000"
Malaysia,Asia,0.018,0.337,"216,804",0.007667466,17,"72,645","248,000,000,000","8,770.74",0.04,345,145,0.007,0.563,0.05,77,72,1.197,"9,920,000,000","18,152,000,000","8,324,000,000"
Hungary,Europe,0.009,0.546,"50,583",0.005058288,4,"25,667","128,000,000,000","12,799.97",0.08,"1,026",277,0.006,0.65,0.076,78,71,1.199,"10,240,000,000","6,338,000,000","2,879,000,000"
Egypt,Africa,0.024,0.426,"204,776",0.002622788,8,"73,575","219,000,000,000","2,804.97",0.048,126,433,0.02,0.314,0.11,73,68,0.905,"10,512,000,000","13,633,000,000","2,696,000,000"
Ukraine,Europe,0.011,0.555,"304,805",0.006644874,27,"132,308","136,000,000,000","2,964.86",0.078,231,657,0.01,0.233,0.159,76,65,1.171,"10,608,000,000","4,696,000,000","4,134,000,000"
Thailand,Asia,0.011,0.369,"295,282",0.004446863,32,"117,429","319,000,000,000","4,804.05",0.038,183,264,0.013,0.224,0.059,77,71,1.08,"12,122,000,000","23,809,000,000","7,151,000,000"
New Zealand,Oceania,0.015,0.347,"31,551",0.007223545,1,"18,287","143,000,000,000","32,739.59",0.102,"3,260",172,0.005,0.805,0.063,83,79,1.078,"14,586,000,000","4,904,000,000","3,037,000,000"
Czech Republic,Europe,0.011,0.48,"111,752",0.01066905,20,"44,043","198,000,000,000","18,903.21",0.074,"1,404",557,0.003,0.688,0.059,81,74,1.226,"14,652,000,000","8,017,000,000","4,166,000,000"
Chile,The Americas,0.014,0.245,"72,258",0.004213108,22,"30,920","218,000,000,000","12,710.81",0.071,894,316,0.008,0.45,0.048,82,76,1.158,"15,478,000,000","2,422,000,000","1,808,000,000"
Israel,Middle East,0.022,0.311,"70,656",0.009268062,20,"23,195","232,000,000,000","30,431.82",0.076,"2,165",235,0.004,0.675,0.05,84,80,1.228,"17,632,000,000","5,824,000,000","4,725,000,000"
Venezuela,The Americas,0.021,0.519,"201,747",0.006946425,141,"75,502","394,000,000,000","13,565.96",0.047,639,864,0.014,0.374,0.183,77,71,0.96,"18,518,000,000","794,000,000","2,238,000,000"
Ireland,Europe,0.017,0.253,"40,000",0.008771632,13,"14,219","209,000,000,000","45,831.78",0.093,"4,320",76,0.004,0.699,,83,79,1.052,"19,437,000,000","8,187,000,000","7,178,000,000"
Colombia,The Americas,0.02,0.803,"75,680",0.001629461,14,"32,235","287,000,000,000","6,179.38",0.068,418,208,0.016,0.365,0.094,77,70,0.958,"19,516,000,000","2,727,000,000","2,373,000,000"
Indonesia,Asia,0.02,0.322,"433,989",0.001803205,50,"211,296","709,000,000,000","2,945.86",0.029,86,266,0.027,0.109,0.133,72,68,0.878,"20,561,000,000","7,618,000,000","8,432,000,000"
Nigeria,Africa,0.042,0.322,"78,910",0.00049409,25,"115,138","369,000,000,000","2,310.47",0.056,80,938,0.082,0.24,0.176,52,51,0.547,"20,664,000,000","738,000,000","8,379,000,000"
Saudi Arabia,Middle East,0.021,0.145,"464,481",0.01703993,21,"192,004","527,000,000,000","19,333.50",0.04,663,79,0.015,0.41,,77,73,1.892,"21,080,000,000","7,536,000,000","22,076,000,000"
Finland,Europe,0.011,0.408,"61,844",0.011530849,14,"36,429","237,000,000,000","44,188.78",0.09,"3,978",243,0.003,0.869,,83,77,1.563,"21,330,000,000","4,510,000,000","5,267,000,000"
Portugal,Europe,0.01,0.426,"52,361",0.004952285,5,"23,541","229,000,000,000","21,658.74",0.108,"2,324",298,0.003,0.533,,82,76,1.153,"24,732,000,000","12,969,000,000","4,691,000,000"
Greece,Europe,0.01,0.467,"86,717",0.007774901,19,"27,615","294,000,000,000","26,359.55",0.094,"2,442",224,0.004,0.444,,83,78,1.106,"27,636,000,000","12,579,000,000","2,874,000,000"
Iran,Middle East,0.019,0.441,"571,612",0.007676527,11,"210,678","423,000,000,000","5,680.73",0.073,416,344,0.016,0.147,0.12,75,71,0.726,"30,879,000,000","2,631,000,000","10,570,000,000"
South Africa,Africa,0.022,0.3,"460,124",0.009040528,22,"142,291","365,000,000,000","7,171.53",0.087,615,200,0.035,0.24,0.098,56,53,0.979,"31,755,000,000","10,308,000,000","8,139,000,000"
Poland,Europe,0.011,0.401,"317,254",0.008308628,32,"101,539","470,000,000,000","12,308.92",0.07,860,325,0.005,0.623,,81,72,1.229,"32,900,000,000","9,986,000,000","9,100,000,000"
Denmark,Europe,0.011,0.281,"46,303",0.008346367,6,"19,307","313,000,000,000","56,419.95",0.111,"6,266",135,0.003,0.887,,81,77,1.157,"34,743,000,000","5,704,000,000","9,082,000,000"
Argentina,The Americas,0.017,1.076,"180,512",0.004470971,25,"78,162","463,000,000,000","11,467.71",0.082,751,453,0.013,0.45,0.106,79,72,1.414,"37,966,000,000","5,629,000,000","6,375,000,000"
Norway,Europe,0.013,0.407,"57,187",0.011696472,7,"32,338","421,000,000,000","86,107.24",0.1,"8,694",87,0.003,0.934,,83,79,1.145,"42,100,000,000","5,299,000,000","14,658,000,000"
Austria,Europe,0.009,0.532,"66,897",0.007973638,25,"34,228","378,000,000,000","45,054.87",0.116,"5,272",170,0.004,0.752,,83,78,1.457,"43,848,000,000","20,980,000,000","12,213,000,000"
Sweden,Europe,0.012,0.52,"52,515",0.005599733,16,"51,315","463,000,000,000","49,370.20",0.095,"4,694",122,0.003,0.9,,84,80,1.172,"43,985,000,000","10,991,000,000","14,912,000,000"
Belgium,Europe,0.012,0.567,"108,947",0.009976583,4,"60,892","471,000,000,000","43,130.79",0.105,"4,570",156,0.004,0.75,,83,78,1.111,"49,455,000,000","11,624,000,000","20,876,000,000"
Turkey,Europe,0.018,0.433,"298,002",0.004131025,6,"105,133","731,000,000,000","10,133.42",0.068,680,226,0.02,0.398,,78,71,0.856,"49,708,000,000","26,318,000,000","5,817,000,000"
Switzerland,Europe,0.01,0.288,"38,757",0.004953029,18,"26,199","549,000,000,000","70,160.56",0.109,"7,697",63,0.004,0.839,0.027,85,80,1.232,"59,841,000,000","17,614,000,000","13,528,000,000"
India,Asia,0.021,0.649,"2,008,823",0.001666209,29,"723,743","1,710,000,000,000","1,418.35",0.037,52,258,0.046,0.075,0.083,67,64,0.624,"63,270,000,000","14,490,000,000","10,490,000,000"
Mexico,The Americas,0.02,0.505,"443,674",0.003763572,7,"178,924","1,050,000,000,000","8,906.88",0.063,603,404,0.014,0.311,0.053,79,74,0.775,"66,150,000,000","12,628,000,000","9,001,000,000"
South Korea,Asia,0.009,0.288,"567,567",0.0114868,14,"249,964","1,090,000,000,000","22,060.15",0.073,"1,498",250,0.004,0.837,0.055,84,77,1.048,"79,570,000,000","14,398,000,000","20,802,000,000"
Netherlands,Europe,0.011,0.394,"182,078",0.010958392,8,"83,426","777,000,000,000","46,763.86",0.121,"5,676",134,0.004,0.907,0.018,83,79,1.154,"94,017,000,000","18,690,000,000","19,772,000,000"
Russia,Europe,0.013,0.465,"1,740,776",0.012225793,29,"702,292","1,520,000,000,000","10,675.24",0.063,669,320,0.01,0.43,0.108,75,63,1.655,"95,760,000,000","13,239,000,000","30,169,000,000"
Australia,Oceania,0.014,0.475,"373,081",0.01693375,3,"122,512","1,140,000,000,000","51,743.39",0.089,"5,138",109,0.004,0.76,0.073,84,80,1.004,"101,460,000,000","32,336,000,000","27,534,000,000"
Spain,Europe,0.01,0.568,"269,675",0.005789888,47,"127,749","1,380,000,000,000","29,628.42",0.096,"2,902",197,0.004,0.658,,85,79,1.113,"132,480,000,000","59,042,000,000","22,733,000,000"
Canada,The Americas,0.011,0.277,"499,137",0.014678223,5,"250,992","1,610,000,000,000","47,345.60",0.114,"5,273",131,0.005,0.803,0.026,83,79,0.757,"183,540,000,000","18,438,000,000","36,975,000,000"
Brazil,The Americas,0.016,0.663,"419,754",0.002150267,119,"265,887","2,140,000,000,000","10,962.54",0.09,989,"2,600",0.015,0.407,0.4,77,70,1.009,"192,600,000,000","6,180,000,000","19,340,000,000"
Italy,Europe,0.009,0.677,"406,307",0.00685433,6,"170,239","2,060,000,000,000","34,751.85",0.094,"3,205",285,0.003,0.537,0.04,85,80,1.548,"193,640,000,000","40,058,000,000","33,053,000,000"
United Kingdom,Europe,0.013,0.361,"493,505",0.007862571,12,"201,829","2,300,000,000,000","36,643.83",0.096,"3,489",110,0.004,0.85,0.005,82,79,1.236,"220,800,000,000","40,746,000,000","61,368,000,000"
China,Asia,0.012,0.635,"8,286,892",0.006194858,38,"2,516,731","5,930,000,000,000","4,432.97",0.05,216,358,0.014,0.343,0.058,76,74,0.632,"296,500,000,000","50,154,000,000","59,840,000,000"
France,Europe,0.013,0.648,"361,273",0.005556068,7,"261,157","2,570,000,000,000","39,524.39",0.117,"4,634",132,0.004,0.773,,85,78,0.914,"300,690,000,000","56,139,000,000","46,157,000,000"
Germany,Europe,0.008,0.47,"745,384",0.009114844,15,"329,769","3,300,000,000,000","40,353.68",0.115,"4,668",215,0.004,0.82,,83,78,1.065,"379,500,000,000","49,108,000,000","91,166,000,000"
Japan,Asia,0.009,0.476,"1,170,715",0.009185648,22,"499,092","5,500,000,000,000","43,154.02",0.096,"4,115",355,0.002,0.782,0.016,86,80,0.968,"528,000,000,000","15,356,000,000","39,306,000,000"
United States,The Americas,0.013,0.465,"5,433,057",0.017564161,5,"2,215,504","15,000,000,000,000","48,492.48",0.177,"8,254",187,0.006,0.717,0.033,81,76,0.913,"2,655,000,000,000","165,000,000,000",
